{
  "$schema": "https://biomejs.dev/schemas/1.9.3/schema.json",
  "vcs": {
    "enabled": false,
    "clientKind": "git",
    "useIgnoreFile": false
  },
  "files": {
    "ignoreUnknown": false,
    "ignore": []
  },
  "formatter": {
    "enabled": true,
    "useEditorconfig": true
  },
  "organizeImports": {
    "enabled": true
  },
  "linter": {
    "enabled": true,
    "rules": {
      "recommended": true
    }
  },
  "javascript": {
    "formatter": {
      "quoteStyle": "double"
    }
  }
}
